{
  "timestamp": "2025-11-15T01:40:10.078429",
  "naive_bayes_domain_identifier": 71.24542124542124,
  "detailed_metrics": {
    "accuracy": 0.7124542124542125,
    "precision_weighted": 0.721764469376689,
    "recall_weighted": 0.7124542124542125,
    "f1_weighted": 0.7095843499976158,
    "precision_macro": 0.6474017108168161,
    "recall_macro": 0.5722957912297085,
    "f1_macro": 0.5861243917296125
  },
  "per_class_metrics": {
    "Coastal & Flooding Hazards": {
      "precision": 0.4583333333333333,
      "recall": 0.4074074074074074,
      "f1_score": 0.43137254901960786,
      "support": 27
    },
    "Cold Weather / Temperature Drops": {
      "precision": 0.7555555555555555,
      "recall": 0.8292682926829268,
      "f1_score": 0.7906976744186046,
      "support": 41
    },
    "Extreme Heat / Heatwaves": {
      "precision": 0.5748502994011976,
      "recall": 0.7164179104477612,
      "f1_score": 0.6378737541528239,
      "support": 134
    },
    "General Weather": {
      "precision": 0.25,
      "recall": 0.14285714285714285,
      "f1_score": 0.18181818181818182,
      "support": 7
    },
    "Geological Events": {
      "precision": 0.8653846153846154,
      "recall": 0.9,
      "f1_score": 0.8823529411764706,
      "support": 50
    },
    "Pollution": {
      "precision": 0.8333333333333334,
      "recall": 0.2777777777777778,
      "f1_score": 0.4166666666666667,
      "support": 18
    },
    "Storms, Typhoons, and Wind Events": {
      "precision": 0.7943548387096774,
      "recall": 0.7323420074349443,
      "f1_score": 0.7620889748549323,
      "support": 269
    }
  },
  "confidence_stats": {
    "mean_confidence": 0.8300478200768271,
    "std_confidence": 0.18141062041029893,
    "min_confidence": 0.3245304367516843,
    "max_confidence": 0.9999999988540935,
    "median_confidence": 0.8927036125476914
  },
  "training_info": {
    "training_samples": 2184,
    "test_samples": 546
  },
  "multiple_runs": {
    "statistics": {
      "accuracy": {
        "mean": 69.3040293040293,
        "std": 1.20712505884865,
        "min": 67.76556776556777,
        "max": 71.24542124542124
      },
      "precision": {
        "mean": 0.702441929771813,
        "std": 0.012933149968891122
      },
      "recall": {
        "mean": 0.693040293040293,
        "std": 0.0120712505884865
      },
      "f1": {
        "mean": 0.6885049270685129,
        "std": 0.01307926915586954
      }
    },
    "best_run_seed": 43,
    "number_of_runs": 5
  }
}