{
  "timestamp": "2025-11-22T19:42:58.197639",
  "naive_bayes_domain_identifier": 58.61678004535147,
  "detailed_metrics": {
    "accuracy": 0.5861678004535147,
    "precision_weighted": 0.583752999899127,
    "recall_weighted": 0.5861678004535147,
    "f1_weighted": 0.5835802886309422,
    "precision_macro": 0.5946599689821797,
    "recall_macro": 0.6040673839606807,
    "f1_macro": 0.5975666698558734
  },
  "per_class_metrics": {
    "Coastal & Flooding Hazards": {
      "precision": 0.7530864197530864,
      "recall": 0.7530864197530864,
      "f1_score": 0.7530864197530864,
      "support": 81
    },
    "Cold Weather / Temperature Drops": {
      "precision": 0.6707317073170732,
      "recall": 0.6875,
      "f1_score": 0.6790123456790124,
      "support": 80
    },
    "Extreme Heat / Heatwaves": {
      "precision": 0.19047619047619047,
      "recall": 0.1791044776119403,
      "f1_score": 0.18461538461538463,
      "support": 134
    },
    "General Weather": {
      "precision": 0.6890756302521008,
      "recall": 0.8631578947368421,
      "f1_score": 0.7663551401869159,
      "support": 95
    },
    "Geological Events": {
      "precision": 0.9012345679012346,
      "recall": 0.8111111111111111,
      "f1_score": 0.8538011695906432,
      "support": 90
    },
    "Pollution": {
      "precision": 0.22137404580152673,
      "recall": 0.2196969696969697,
      "f1_score": 0.22053231939163498,
      "support": 132
    },
    "Storms, Typhoons, and Wind Events": {
      "precision": 0.7366412213740458,
      "recall": 0.7148148148148148,
      "f1_score": 0.7255639097744361,
      "support": 270
    }
  },
  "confidence_stats": {
    "mean_confidence": 0.7055228661061855,
    "std_confidence": 0.23281429424457717,
    "min_confidence": 0.19952071467617624,
    "max_confidence": 0.9999999989346691,
    "median_confidence": 0.7286366848449288
  },
  "training_info": {
    "training_samples": 3525,
    "test_samples": 882
  },
  "multiple_runs": {
    "individual_runs": [
      {
        "run": 1,
        "seed": 42,
        "accuracy": 63.86217687074829,
        "precision": 64.27697152497188,
        "recall": 63.86217687074829,
        "f1": 63.830657728458235
      },
      {
        "run": 2,
        "seed": 43,
        "accuracy": 67.03678004535146,
        "precision": 66.79529998991269,
        "recall": 67.03678004535146,
        "f1": 66.77802886309422
      },
      {
        "run": 3,
        "seed": 44,
        "accuracy": 63.0685260770975,
        "precision": 63.549583507008585,
        "recall": 63.0685260770975,
        "f1": 63.11252043954912
      },
      {
        "run": 4,
        "seed": 45,
        "accuracy": 65.9029931972789,
        "precision": 65.31644884130492,
        "recall": 65.9029931972789,
        "f1": 65.46075709965572
      },
      {
        "run": 5,
        "seed": 46,
        "accuracy": 65.33609977324264,
        "precision": 66.19645939585965,
        "recall": 65.33609977324264,
        "f1": 65.63744114352546
      }
    ],
    "statistics": {
      "accuracy": {
        "mean": 65.04131519274377,
        "std": 1.4208118093261246,
        "min": 63.0685260770975,
        "max": 67.03678004535146
      },
      "precision": {
        "mean": 65.22695265181153,
        "std": 1.193624535346531,
        "min": 63.549583507008585,
        "max": 66.79529998991269
      },
      "recall": {
        "mean": 65.04131519274377,
        "std": 1.4208118093261246,
        "min": 63.0685260770975,
        "max": 67.03678004535146
      },
      "f1": {
        "mean": 64.96388105485654,
        "std": 1.3193507875073445,
        "min": 63.11252043954912,
        "max": 66.77802886309422
      }
    },
    "best_run_seed": 43,
    "number_of_runs": 5
  }
}