{
  "timestamp": "2025-11-22T10:50:28.659096",
  "naive_bayes_domain_identifier": 56.575963718820866,
  "detailed_metrics": {
    "accuracy": 0.5657596371882087,
    "precision_weighted": 0.5704747023846695,
    "recall_weighted": 0.5657596371882087,
    "f1_weighted": 0.5671128705596249,
    "precision_macro": 0.5810940201091633,
    "recall_macro": 0.5702316088477387,
    "f1_macro": 0.574270349689842
  },
  "per_class_metrics": {
    "Coastal & Flooding Hazards": {
      "precision": 0.6666666666666666,
      "recall": 0.691358024691358,
      "f1_score": 0.6787878787878788,
      "support": 81
    },
    "Cold Weather / Temperature Drops": {
      "precision": 0.6666666666666666,
      "recall": 0.625,
      "f1_score": 0.6451612903225806,
      "support": 80
    },
    "Extreme Heat / Heatwaves": {
      "precision": 0.1925925925925926,
      "recall": 0.19402985074626866,
      "f1_score": 0.19330855018587362,
      "support": 134
    },
    "General Weather": {
      "precision": 0.7333333333333333,
      "recall": 0.8105263157894737,
      "f1_score": 0.77,
      "support": 95
    },
    "Geological Events": {
      "precision": 0.9066666666666666,
      "recall": 0.7555555555555555,
      "f1_score": 0.8242424242424242,
      "support": 90
    },
    "Pollution": {
      "precision": 0.1791044776119403,
      "recall": 0.18181818181818182,
      "f1_score": 0.18045112781954886,
      "support": 132
    },
    "Storms, Typhoons, and Wind Events": {
      "precision": 0.7226277372262774,
      "recall": 0.7333333333333333,
      "f1_score": 0.7279411764705882,
      "support": 270
    }
  },
  "confidence_stats": {
    "mean_confidence": 0.6982138930456044,
    "std_confidence": 0.22971343823349047,
    "min_confidence": 0.21344932668649486,
    "max_confidence": 0.9999999978854248,
    "median_confidence": 0.7189201048444083
  },
  "training_info": {
    "training_samples": 3525,
    "test_samples": 882
  },
  "multiple_runs": {
    "individual_runs": [
      {
        "run": 1,
        "seed": 42,
        "accuracy": 64.99596371882086,
        "precision": 65.46747023846694,
        "recall": 64.99596371882086,
        "f1": 65.13128705596249
      },
      {
        "run": 2,
        "seed": 43,
        "accuracy": 64.42907029478458,
        "precision": 64.51517668424316,
        "recall": 64.42907029478458,
        "f1": 64.2390909338317
      },
      {
        "run": 3,
        "seed": 44,
        "accuracy": 64.42907029478458,
        "precision": 62.91439611471385,
        "recall": 64.42907029478458,
        "f1": 63.58631597416332
      },
      {
        "run": 4,
        "seed": 45,
        "accuracy": 63.63541950113379,
        "precision": 63.37352885178279,
        "recall": 63.63541950113379,
        "f1": 63.29914665388738
      },
      {
        "run": 5,
        "seed": 46,
        "accuracy": 64.6558276643991,
        "precision": 63.532856393589775,
        "recall": 64.6558276643991,
        "f1": 63.87462020281959
      }
    ],
    "statistics": {
      "accuracy": {
        "mean": 64.4290702947846,
        "std": 0.4478099242206682,
        "min": 63.63541950113379,
        "max": 64.99596371882086
      },
      "precision": {
        "mean": 63.960685656559306,
        "std": 0.9165558218766672,
        "min": 62.91439611471385,
        "max": 65.46747023846694
      },
      "recall": {
        "mean": 64.4290702947846,
        "std": 0.4478099242206682,
        "min": 63.63541950113379,
        "max": 64.99596371882086
      },
      "f1": {
        "mean": 64.02609216413289,
        "std": 0.6342902887501597,
        "min": 63.29914665388738,
        "max": 65.13128705596249
      }
    },
    "best_run_seed": 42,
    "number_of_runs": 5
  }
}