{
  "timestamp": "2025-12-04T00:06:41.906813",
  "naive_bayes_domain_identifier": 58.484162895927604,
  "detailed_metrics": {
    "accuracy": 0.584841628959276,
    "precision_weighted": 0.5895481645353816,
    "recall_weighted": 0.584841628959276,
    "f1_weighted": 0.585911684328549,
    "precision_macro": 0.5954121037897078,
    "recall_macro": 0.605424986758836,
    "f1_macro": 0.5990333453238984
  },
  "per_class_metrics": {
    "Coastal & Flooding Hazards": {
      "precision": 0.7530864197530864,
      "recall": 0.7530864197530864,
      "f1_score": 0.7530864197530864,
      "support": 81
    },
    "Cold Weather / Temperature Drops": {
      "precision": 0.6404494382022472,
      "recall": 0.7125,
      "f1_score": 0.6745562130177515,
      "support": 80
    },
    "Extreme Heat / Heatwaves": {
      "precision": 0.176,
      "recall": 0.16176470588235295,
      "f1_score": 0.1685823754789272,
      "support": 136
    },
    "General Weather": {
      "precision": 0.7272727272727273,
      "recall": 0.8421052631578947,
      "f1_score": 0.7804878048780488,
      "support": 95
    },
    "Geological Events": {
      "precision": 0.8795180722891566,
      "recall": 0.8111111111111111,
      "f1_score": 0.8439306358381503,
      "support": 90
    },
    "Pollution": {
      "precision": 0.22448979591836735,
      "recall": 0.25,
      "f1_score": 0.23655913978494625,
      "support": 132
    },
    "Storms, Typhoons, and Wind Events": {
      "precision": 0.7670682730923695,
      "recall": 0.7074074074074074,
      "f1_score": 0.7360308285163777,
      "support": 270
    }
  },
  "confidence_stats": {
    "mean_confidence": 0.7095889976752372,
    "std_confidence": 0.2352597420703681,
    "min_confidence": 0.19231214400345434,
    "max_confidence": 0.9999999994132907,
    "median_confidence": 0.7302128181985726
  },
  "training_info": {
    "training_samples": 3536,
    "test_samples": 884
  },
  "multiple_runs": {
    "individual_runs": [
      {
        "run": 1,
        "seed": 42,
        "accuracy": 64.52859728506787,
        "precision": 67.05464103587855,
        "recall": 64.52859728506787,
        "f1": 65.39752337388097
      },
      {
        "run": 2,
        "seed": 43,
        "accuracy": 66.9041628959276,
        "precision": 67.37481645353816,
        "recall": 66.9041628959276,
        "f1": 67.0111684328549
      },
      {
        "run": 3,
        "seed": 44,
        "accuracy": 62.944886877828054,
        "precision": 63.338359810916586,
        "recall": 62.944886877828054,
        "f1": 62.886431751865956
      },
      {
        "run": 4,
        "seed": 45,
        "accuracy": 64.64171945701358,
        "precision": 64.02411588155773,
        "recall": 64.64171945701358,
        "f1": 64.12285220301912
      },
      {
        "run": 5,
        "seed": 46,
        "accuracy": 66.4516742081448,
        "precision": 66.38537379021305,
        "recall": 66.4516742081448,
        "f1": 66.3271946547491
      }
    ],
    "statistics": {
      "accuracy": {
        "mean": 65.09420814479638,
        "std": 1.4326823709490992,
        "min": 62.944886877828054,
        "max": 66.9041628959276
      },
      "precision": {
        "mean": 65.63546139442082,
        "std": 1.6416397610029838,
        "min": 63.338359810916586,
        "max": 67.37481645353816
      },
      "recall": {
        "mean": 65.09420814479638,
        "std": 1.4326823709490992,
        "min": 62.944886877828054,
        "max": 66.9041628959276
      },
      "f1": {
        "mean": 65.14903408327402,
        "std": 1.4892798365029019,
        "min": 62.886431751865956,
        "max": 67.0111684328549
      }
    },
    "best_run_seed": 43,
    "number_of_runs": 5
  }
}