{
  "timestamp": "2025-11-01T16:28:16.407822",
  "naive_bayes_domain_identifier": 68.13186813186813,
  "detailed_metrics": {
    "accuracy": 0.6813186813186813,
    "precision_weighted": 0.6802689374117945,
    "recall_weighted": 0.6813186813186813,
    "f1_weighted": 0.6688062331753005,
    "precision_macro": 0.6811608144941478,
    "recall_macro": 0.6797979797979798,
    "f1_macro": 0.6685451058516074,
    "cv_mean": 0.6699465940597261,
    "cv_std": 0.017283454661403744
  },
  "per_class_metrics": {
    "Air Pollution and Emissions": {
      "precision": 0.8888888888888888,
      "recall": 0.8,
      "f1_score": 0.8421052631578947,
      "support": 10
    },
    "Cold Weather / Temperature Drops": {
      "precision": 0.6,
      "recall": 0.6,
      "f1_score": 0.6,
      "support": 10
    },
    "Drought and Water Scarcity": {
      "precision": 0.7,
      "recall": 0.7,
      "f1_score": 0.7,
      "support": 10
    },
    "Environmental Degradation and Land Use": {
      "precision": 0.6428571428571429,
      "recall": 0.9,
      "f1_score": 0.75,
      "support": 10
    },
    "Extreme Heat / Heatwaves": {
      "precision": 0.8,
      "recall": 0.8,
      "f1_score": 0.8,
      "support": 10
    },
    "Flooding and Extreme Precipitation": {
      "precision": 0.5714285714285714,
      "recall": 0.4,
      "f1_score": 0.47058823529411764,
      "support": 10
    },
    "Geological Events": {
      "precision": 0.7272727272727273,
      "recall": 0.8,
      "f1_score": 0.7619047619047619,
      "support": 10
    },
    "Sea Level Rise / Coastal Hazards": {
      "precision": 0.6,
      "recall": 0.8181818181818182,
      "f1_score": 0.6923076923076923,
      "support": 11
    },
    "Storms, Typhoons, and Wind Events": {
      "precision": 0.6,
      "recall": 0.3,
      "f1_score": 0.4,
      "support": 10
    }
  },
  "confidence_stats": {
    "mean_confidence": 0.34023434945419867,
    "std_confidence": 0.14096968631990395,
    "min_confidence": 0.11388888888888894,
    "max_confidence": 0.7455753920426339,
    "median_confidence": 0.3158362635984956
  },
  "training_info": {
    "training_samples": 360,
    "test_samples": 91
  },
  "categories": [
    "Sea Level Rise / Coastal Hazards",
    "Extreme Heat / Heatwaves",
    "Cold Weather / Temperature Drops",
    "Flooding and Extreme Precipitation",
    "Storms, Typhoons, and Wind Events",
    "Drought and Water Scarcity",
    "Air Pollution and Emissions",
    "Environmental Degradation and Land Use",
    "Geological Events"
  ],
  "category_distribution": {
    "Sea Level Rise / Coastal Hazards": 51,
    "Flooding and Extreme Precipitation": 51,
    "Environmental Degradation and Land Use": 51,
    "Drought and Water Scarcity": 50,
    "Extreme Heat / Heatwaves": 50,
    "Air Pollution and Emissions": 50,
    "Geological Events": 50,
    "Storms, Typhoons, and Wind Events": 49,
    "Cold Weather / Temperature Drops": 49
  }
}