{
  "timestamp": "2025-11-12T18:16:22.512026",
  "naive_bayes_climate_checker": 85.24137931034483,
  "detailed_metrics": {
    "accuracy": 0.8524137931034482,
    "precision_weighted": 0.8617187924226818,
    "recall_weighted": 0.8524137931034482,
    "f1_weighted": 0.8447076645425059,
    "precision_macro": 0.8746026376339282,
    "recall_macro": 0.8028619806292265,
    "f1_macro": 0.8233676162198962,
    "cv_mean": 0,
    "cv_std": 0
  },
  "per_class_metrics": {
    "0": {
      "precision": 0.8313582497721057,
      "recall": 0.9691817215727949,
      "f1_score": 0.8949950932286556,
      "support": 941
    },
    "1": {
      "precision": 0.9178470254957507,
      "recall": 0.6365422396856582,
      "f1_score": 0.7517401392111369,
      "support": 509
    }
  },
  "confidence_stats": {
    "mean_confidence": 0.8405434379482932,
    "std_confidence": 0.1336276443145718,
    "min_confidence": 0.5013864625623455,
    "max_confidence": 0.9999978155285859,
    "median_confidence": 0.8800075305078314
  },
  "training_info": {
    "training_samples": 5798,
    "test_samples": 1450
  },
  "multiple_runs": {
    "statistics": {
      "accuracy": {
        "mean": 84.84137931034483,
        "std": 0.46855966210932637,
        "min": 83.93103448275862,
        "max": 85.24137931034483
      },
      "precision": {
        "mean": 0.8609503133860168,
        "std": 0.005979382315377107,
        "min": 0.8494460829998356,
        "max": 0.8667512685445738
      },
      "recall": {
        "mean": 0.8484137931034483,
        "std": 0.004685596621093264,
        "min": 0.8393103448275862,
        "max": 0.8524137931034482
      },
      "f1": {
        "mean": 0.839353869022925,
        "std": 0.005007066393871507,
        "min": 0.8299374068162471,
        "max": 0.8447076645425059
      }
    },
    "best_run_seed": 43,
    "number_of_runs": 5,
    "all_runs": [
      {
        "run": 1,
        "seed": 42,
        "accuracy": 0.8510344827586207,
        "precision": 0.8667512685445738,
        "recall": 0.8510344827586207,
        "f1": 0.8413870993734245
      },
      {
        "run": 2,
        "seed": 43,
        "accuracy": 0.8524137931034482,
        "precision": 0.8617187924226818,
        "recall": 0.8524137931034482,
        "f1": 0.8447076645425059
      },
      {
        "run": 3,
        "seed": 44,
        "accuracy": 0.8503448275862069,
        "precision": 0.8634175061097304,
        "recall": 0.8503448275862069,
        "f1": 0.8413244508916448
      },
      {
        "run": 4,
        "seed": 45,
        "accuracy": 0.8393103448275862,
        "precision": 0.8494460829998356,
        "recall": 0.8393103448275862,
        "f1": 0.8299374068162471
      },
      {
        "run": 5,
        "seed": 46,
        "accuracy": 0.8489655172413794,
        "precision": 0.8634179168532616,
        "recall": 0.8489655172413794,
        "f1": 0.8394127234908031
      }
    ]
  }
}