{
  "timestamp": "2025-11-15T01:39:47.745001",
  "naive_bayes_climate_checker": 85.45581071677105,
  "detailed_metrics": {
    "accuracy": 0.8545581071677105,
    "precision_weighted": 0.8660370084919433,
    "recall_weighted": 0.8545581071677105,
    "f1_weighted": 0.8462547841747158,
    "precision_macro": 0.8813539473755054,
    "recall_macro": 0.8020849326987052,
    "f1_macro": 0.8240956093161099,
    "cv_mean": 0,
    "cv_std": 0
  },
  "per_class_metrics": {
    "0": {
      "precision": 0.8307552320291174,
      "recall": 0.9754273504273504,
      "f1_score": 0.8972972972972973,
      "support": 936
    },
    "1": {
      "precision": 0.9319526627218935,
      "recall": 0.6287425149700598,
      "f1_score": 0.7508939213349225,
      "support": 501
    }
  },
  "confidence_stats": {
    "mean_confidence": 0.8422365611692535,
    "std_confidence": 0.1348701872230668,
    "min_confidence": 0.5014123047809051,
    "max_confidence": 0.9999976450230595,
    "median_confidence": 0.8823737708634455
  },
  "training_info": {
    "training_samples": 5748,
    "test_samples": 1437
  },
  "multiple_runs": {
    "statistics": {
      "accuracy": {
        "mean": 84.78775226165624,
        "std": 0.5979833280150533,
        "min": 83.785664578984,
        "max": 85.45581071677105
      },
      "precision": {
        "mean": 0.8602134048312919,
        "std": 0.006166959681169618,
        "min": 0.8488824614315447,
        "max": 0.8660370084919433
      },
      "recall": {
        "mean": 0.8478775226165624,
        "std": 0.0059798332801505325,
        "min": 0.83785664578984,
        "max": 0.8545581071677105
      },
      "f1": {
        "mean": 0.838594561010561,
        "std": 0.00674931071952848,
        "min": 0.8277965760270295,
        "max": 0.8462547841747158
      }
    },
    "best_run_seed": 44,
    "number_of_runs": 5,
    "all_runs": [
      {
        "run": 1,
        "seed": 42,
        "accuracy": 0.8455114822546973,
        "precision": 0.8622668013973206,
        "recall": 0.8455114822546973,
        "f1": 0.8347207609262457
      },
      {
        "run": 2,
        "seed": 43,
        "accuracy": 0.848295059151009,
        "precision": 0.8589679177181578,
        "recall": 0.848295059151009,
        "f1": 0.8395603468781018
      },
      {
        "run": 3,
        "seed": 44,
        "accuracy": 0.8545581071677105,
        "precision": 0.8660370084919433,
        "recall": 0.8545581071677105,
        "f1": 0.8462547841747158
      },
      {
        "run": 4,
        "seed": 45,
        "accuracy": 0.83785664578984,
        "precision": 0.8488824614315447,
        "recall": 0.83785664578984,
        "f1": 0.8277965760270295
      },
      {
        "run": 5,
        "seed": 46,
        "accuracy": 0.8531663187195546,
        "precision": 0.8649128351174935,
        "recall": 0.8531663187195546,
        "f1": 0.8446403370467124
      }
    ]
  }
}