{
  "timestamp": "2025-11-13T10:08:05.805086",
  "naive_bayes_domain_identifier": 37.52151462994836,
  "detailed_metrics": {
    "accuracy": 0.37521514629948366,
    "precision_weighted": 0.36277130857886886,
    "recall_weighted": 0.37521514629948366,
    "f1_weighted": 0.3633286899939102,
    "precision_macro": 0.44139350289034274,
    "recall_macro": 0.3502037648611039,
    "f1_macro": 0.37040212184895327
  },
  "per_class_metrics": {
    "Air Pollution and Emissions": {
      "precision": 0.4444444444444444,
      "recall": 0.23529411764705882,
      "f1_score": 0.3076923076923077,
      "support": 17
    },
    "Cold Weather / Temperature Drops": {
      "precision": 0.6122448979591837,
      "recall": 0.75,
      "f1_score": 0.6741573033707865,
      "support": 40
    },
    "Drought and Water Scarcity": {
      "precision": 0.0,
      "recall": 0.0,
      "f1_score": 0.0,
      "support": 2
    },
    "Environmental Degradation and Land Use": {
      "precision": 0.09302325581395349,
      "recall": 0.07207207207207207,
      "f1_score": 0.08121827411167512,
      "support": 111
    },
    "Extreme Heat / Heatwaves": {
      "precision": 0.19166666666666668,
      "recall": 0.1885245901639344,
      "f1_score": 0.19008264462809918,
      "support": 122
    },
    "Flooding and Extreme Precipitation": {
      "precision": 0.42777777777777776,
      "recall": 0.5422535211267606,
      "f1_score": 0.4782608695652174,
      "support": 142
    },
    "General Weather": {
      "precision": 0.3333333333333333,
      "recall": 0.14285714285714285,
      "f1_score": 0.2,
      "support": 7
    },
    "Geological Events": {
      "precision": 0.926829268292683,
      "recall": 0.8444444444444444,
      "f1_score": 0.8837209302325582,
      "support": 45
    },
    "Sea Level Rise / Coastal Hazards": {
      "precision": 1.0,
      "recall": 0.3333333333333333,
      "f1_score": 0.5,
      "support": 6
    },
    "Storms, Typhoons, and Wind Events": {
      "precision": 0.38461538461538464,
      "recall": 0.39325842696629215,
      "f1_score": 0.3888888888888889,
      "support": 89
    }
  },
  "confidence_stats": {
    "mean_confidence": 0.689941796921423,
    "std_confidence": 0.2092990725047382,
    "min_confidence": 0.22283300987097385,
    "max_confidence": 0.9999997789502149,
    "median_confidence": 0.7064262321224111
  },
  "training_info": {
    "training_samples": 2320,
    "test_samples": 581
  },
  "multiple_runs": {
    "statistics": {
      "accuracy": {
        "mean": 35.90361445783133,
        "std": 1.442500987246607,
        "min": 33.56282271944922,
        "max": 37.52151462994836
      },
      "precision": {
        "mean": 0.3535477530770244,
        "std": 0.009552854369387404
      },
      "recall": {
        "mean": 0.3590361445783133,
        "std": 0.01442500987246607
      },
      "f1": {
        "mean": 0.3507172250020439,
        "std": 0.012366520866162519
      }
    },
    "best_run_seed": 43,
    "number_of_runs": 5
  }
}