{
  "model_name": "VADER Enhanced Multilingual Sentiment Analyzer",
  "timestamp": "2025-11-18T07:33:55.131539",
  "vader_sentiment_identifier": 60.0,
  "vader_multiple_runs": {
    "statistics": {
      "accuracy": {
        "mean": 60.0,
        "std": 9.7182531580755,
        "min": 50.0,
        "max": 75.0
      },
      "precision": {
        "mean": 0.523015873015873,
        "std": 0.1729219200269299,
        "min": 0.3666666666666667,
        "max": 0.85
      },
      "recall": {
        "mean": 0.6,
        "std": 0.097182531580755,
        "min": 0.5,
        "max": 0.75
      },
      "f1": {
        "mean": 0.5463636363636363,
        "std": 0.12502806541376238,
        "min": 0.4222222222222222,
        "max": 0.7685185185185185
      }
    },
    "best_run_seed": 44,
    "number_of_runs": 5,
    "all_runs": [
      {
        "run": 1,
        "seed": 42,
        "accuracy": 0.5,
        "precision": 0.3666666666666667,
        "recall": 0.5,
        "f1": 0.4222222222222222,
        "per_class": {
          "positive": {
            "precision": 0.6,
            "recall": 0.75,
            "f1": 0.6666666666666666,
            "support": 4
          },
          "negative": {
            "precision": 0.5,
            "recall": 0.75,
            "f1": 0.6,
            "support": 4
          },
          "neutral": {
            "precision": 0.0,
            "recall": 0.0,
            "f1": 0.0,
            "support": 4
          }
        },
        "confusion_matrix": [
          [
            3,
            1,
            0
          ],
          [
            1,
            3,
            0
          ],
          [
            1,
            2,
            0
          ]
        ],
        "confidence_stats": {
          "overall": {
            "mean": 0.8095454545454545,
            "std": 0.14331805927971003,
            "min": 0.54,
            "max": 0.95,
            "median": 0.88
          },
          "by_class": {
            "positive": {
              "mean": 0.8540000000000001,
              "std": 0.15932357013323542,
              "count": 5
            },
            "negative": {
              "mean": 0.7725000000000001,
              "std": 0.11612170339777143,
              "count": 6
            }
          }
        }
      },
      {
        "run": 2,
        "seed": 43,
        "accuracy": 0.6666666666666666,
        "precision": 0.48888888888888893,
        "recall": 0.6666666666666666,
        "f1": 0.562962962962963,
        "per_class": {
          "positive": {
            "precision": 0.8,
            "recall": 1.0,
            "f1": 0.8888888888888888,
            "support": 4
          },
          "negative": {
            "precision": 0.6666666666666666,
            "recall": 1.0,
            "f1": 0.8,
            "support": 4
          },
          "neutral": {
            "precision": 0.0,
            "recall": 0.0,
            "f1": 0.0,
            "support": 4
          }
        },
        "confusion_matrix": [
          [
            4,
            0,
            0
          ],
          [
            0,
            4,
            0
          ],
          [
            1,
            2,
            0
          ]
        ],
        "confidence_stats": {
          "overall": {
            "mean": 0.8396363636363635,
            "std": 0.09767596962058943,
            "min": 0.648,
            "max": 0.95,
            "median": 0.88
          },
          "by_class": {
            "positive": {
              "mean": 0.8555999999999999,
              "std": 0.07722331254226276,
              "count": 5
            },
            "negative": {
              "mean": 0.8263333333333334,
              "std": 0.1101463672674783,
              "count": 6
            }
          }
        }
      },
      {
        "run": 3,
        "seed": 44,
        "accuracy": 0.75,
        "precision": 0.85,
        "recall": 0.75,
        "f1": 0.7685185185185185,
        "per_class": {
          "positive": {
            "precision": 0.8,
            "recall": 1.0,
            "f1": 0.8888888888888888,
            "support": 4
          },
          "negative": {
            "precision": 0.75,
            "recall": 0.75,
            "f1": 0.75,
            "support": 4
          },
          "neutral": {
            "precision": 1.0,
            "recall": 0.5,
            "f1": 0.6666666666666666,
            "support": 4
          }
        },
        "confusion_matrix": [
          [
            4,
            0,
            0
          ],
          [
            1,
            3,
            0
          ],
          [
            0,
            1,
            2
          ]
        ],
        "confidence_stats": {
          "overall": {
            "mean": 0.8421818181818183,
            "std": 0.18244242836966812,
            "min": 0.459,
            "max": 0.95,
            "median": 0.918
          },
          "by_class": {
            "positive": {
              "mean": 0.9156000000000001,
              "std": 0.03132794279872202,
              "count": 5
            },
            "negative": {
              "mean": 0.942,
              "std": 0.013856406460550983,
              "count": 4
            },
            "neutral": {
              "mean": 0.459,
              "std": 0.0,
              "count": 2
            }
          }
        }
      },
      {
        "run": 4,
        "seed": 45,
        "accuracy": 0.5,
        "precision": 0.39285714285714285,
        "recall": 0.5,
        "f1": 0.4318181818181818,
        "per_class": {
          "positive": {
            "precision": 0.75,
            "recall": 0.75,
            "f1": 0.75,
            "support": 4
          },
          "negative": {
            "precision": 0.42857142857142855,
            "recall": 0.75,
            "f1": 0.5454545454545454,
            "support": 4
          },
          "neutral": {
            "precision": 0.0,
            "recall": 0.0,
            "f1": 0.0,
            "support": 4
          }
        },
        "confusion_matrix": [
          [
            3,
            0,
            1
          ],
          [
            1,
            3,
            0
          ],
          [
            0,
            4,
            0
          ]
        ],
        "confidence_stats": {
          "overall": {
            "mean": 0.8397499999999999,
            "std": 0.14719438678156171,
            "min": 0.459,
            "max": 0.95,
            "median": 0.918
          },
          "by_class": {
            "positive": {
              "mean": 0.9339999999999999,
              "std": 0.01599999999999996,
              "count": 4
            },
            "negative": {
              "mean": 0.8402857142857144,
              "std": 0.10587420336784363,
              "count": 7
            },
            "neutral": {
              "mean": 0.459,
              "std": 0.0,
              "count": 1
            }
          }
        }
      },
      {
        "run": 5,
        "seed": 46,
        "accuracy": 0.5833333333333334,
        "precision": 0.5166666666666667,
        "recall": 0.5833333333333334,
        "f1": 0.5462962962962963,
        "per_class": {
          "positive": {
            "precision": 0.8,
            "recall": 1.0,
            "f1": 0.8888888888888888,
            "support": 4
          },
          "negative": {
            "precision": 0.75,
            "recall": 0.75,
            "f1": 0.75,
            "support": 4
          },
          "neutral": {
            "precision": 0.0,
            "recall": 0.0,
            "f1": 0.0,
            "support": 4
          }
        },
        "confusion_matrix": [
          [
            4,
            0,
            0
          ],
          [
            0,
            3,
            1
          ],
          [
            1,
            1,
            0
          ]
        ],